key,moment,heading,writer,text,email
peep-01,2022/08/25 12:56,Heading1,Pedro,this a example text,pedro@gmail.com
peep-02,2022/08/26 13:48,Other heading,Jose,Other text,jose@gmail.com
peep-03,2022/08/27 11:56,this is other,Antonio,testtt,antonio@gmail.com
peep-04,2022/08/28 17:36,Test Headinggg,Manuel,This is a piece of text,manuel@gmail.com
peep-05,2022/08/29 00:00,Important heading,Juan,Test,juan@gmail.com
peep-06,2022/08/30 10:00,Important heading,Maria,simple text,maria@gmail.com
peep-07,2022/08/31 12:15,new heading,Ana,this is a short text,ana@gmail.com
peep-08,2022/09/01 01:20,this is a heading,Lorena,texting,lorena@gmail.com
peep-09,2022/09/02 08:00,Important heading,Francisco,text,fran@gmail.com
peep-10,2022/07/19 09:00,headinnnngg,Fernando,Test,fer@gmail.com
