key,code,instantiationMoment,title,description,initialPeriodDate,finalPeriodDate,budget,link,key:item
pimpam-01,00-01-01,2021/02/03 00:56,Titulo 1,Descripcion 1,2023/02/03 00:56,2024/02/03 00:56,GBP 100,http://duckduckgo.com,item-01
pimpam-02,00-01-02,2021/02/03 00:56,Titulo 1,Descripcion 1,2023/02/03 00:56,2024/02/03 00:56,GBP 100,http://duckduckgo.com,item-02
pimpam-03,00-01-03,2021/02/03 00:56,Titulo 1,Descripcion 1,2023/02/03 00:56,2024/02/03 00:56,GBP 100,http://duckduckgo.com,item-03
pimpam-04,00-01-04,2021/02/03 00:56,Titulo 1,Descripcion 1,2023/02/03 00:56,2024/02/03 00:56,GBP 100,http://duckduckgo.com,item-04
pimpam-05,00-01-05,2021/02/03 00:56,Titulo 1,Descripcion 1,2023/02/03 00:56,2024/02/03 00:56,GBP 100,http://duckduckgo.com,item-05
pimpam-06,00-01-06,2021/02/03 00:56,Titulo 1,Descripcion 1,2023/02/03 00:56,2024/02/03 00:56,GBP 100,http://duckduckgo.com,item-06
pimpam-07,00-01-07,2021/02/03 00:56,Titulo 1,Descripcion 1,2023/02/03 00:56,2024/02/03 00:56,GBP 100,http://duckduckgo.com,item-07
pimpam-08,00-01-08,2021/02/03 00:56,Titulo 1,Descripcion 1,2023/02/03 00:56,2024/02/03 00:56,GBP 100,http://duckduckgo.com,item-08
pimpam-09,00-01-09,2021/02/03 00:56,Titulo 1,Descripcion 1,2023/02/03 00:56,2024/02/03 00:56,GBP 100,http://duckduckgo.com,item-09
pimpam-10,00-01-10,2021/02/03 00:56,Titulo 1,Descripcion 1,2023/02/03 00:56,2024/02/03 00:56,GBP 100,http://duckduckgo.com,item-10